{
  "Qwen/Qwen1.5-1.8B-Chat": {
    "A_fast": 0.6,
    "A_slow": 0.55,
    "delta": -0.04999999999999993,
    "delta_c": 0.0,
    "delta_o": 0.05,
    "rc": 0.0,
    "ro": 0.08333333333333333,
    "n_valid": 20,
    "n_total": 200
  }
}